<?xml version="1.0" encoding="UTF-8"?>
<mule xmlns="http://www.mulesoft.org/schema/mule/core" xmlns:apikit="http://www.mulesoft.org/schema/mule/mule-apikit" xmlns:doc="http://www.mulesoft.org/schema/mule/documentation" xmlns:ee="http://www.mulesoft.org/schema/mule/ee/core" xmlns:http="http://www.mulesoft.org/schema/mule/http" xmlns:xsi="http://www.w3.org/2001/XMLSchema-instance" xsi:schemaLocation="http://www.mulesoft.org/schema/mule/core http://www.mulesoft.org/schema/mule/core/current/mule.xsd http://www.mulesoft.org/schema/mule/http http://www.mulesoft.org/schema/mule/http/current/mule-http.xsd http://www.mulesoft.org/schema/mule/ee/core http://www.mulesoft.org/schema/mule/ee/core/current/mule-ee.xsd http://www.mulesoft.org/schema/mule/mule-apikit http://www.mulesoft.org/schema/mule/mule-apikit/current/mule-apikit.xsd">
    <flow name="accounts-papi-mainFlow" doc:id="5923d715-eba3-4674-88bf-3dde418714bf">
        <http:listener doc:name="Listener" doc:id="0a3cd3ae-ca47-4327-b549-9c203adc9e08" config-ref="HTTP_Listener_config" path="${https.listener.path}">
            <http:response statusCode="#[vars.httpStatus default 200]" />
            <http:error-response statusCode="#[vars.httpStatus default 500]">
                <http:body><![CDATA[#[payload]]]></http:body>
            </http:error-response>
        </http:listener>
        <ee:transform doc:name="setCorrelationId&amp;channel" doc:id="4be34503-1e6f-40c0-ac59-89146564f801">
            <ee:message />
            <ee:variables>
                <ee:set-variable variableName="correlationId"><![CDATA[%dw 2.0
output application/java
---
attributes.headers.correlationId default correlationId]]></ee:set-variable>
                <ee:set-variable variableName="channel"><![CDATA[%dw 2.0
output application/java
---
attributes.headers.channel default ""]]></ee:set-variable>
            </ee:variables>
        </ee:transform>
        <set-variable value="#[attributes.headers.transactionId default vars.correlationId]" doc:name="setTransactionId" doc:id="2414b476-8a95-4972-9470-589fbfd77b4d" variableName="transactionId" />
        <apikit:router doc:name="APIkit Router" doc:id="08ad8ef9-8aa3-4dc3-a2bb-5aa4b57b2a77" config-ref="accounts-papi-config" />
    </flow>
</mule>
