<?xml version="1.0" encoding="UTF-8"?>

<mule xmlns:ee="http://www.mulesoft.org/schema/mule/ee/core"
	xmlns:http="http://www.mulesoft.org/schema/mule/http" xmlns="http://www.mulesoft.org/schema/mule/core"
	xmlns:doc="http://www.mulesoft.org/schema/mule/documentation"
	xmlns:xsi="http://www.w3.org/2001/XMLSchema-instance" xsi:schemaLocation="
http://www.mulesoft.org/schema/mule/ee/core http://www.mulesoft.org/schema/mule/ee/core/current/mule-ee.xsd http://www.mulesoft.org/schema/mule/core http://www.mulesoft.org/schema/mule/core/current/mule.xsd
http://www.mulesoft.org/schema/mule/http http://www.mulesoft.org/schema/mule/http/current/mule-http.xsd">
	<sub-flow name="invoke-first-country-lookup-api-subflow" doc:id="3cef8cd1-6b4b-4000-add8-1880fa83d710" >
		<logger level="INFO" doc:name="log-INFO" doc:id="fd46d942-3bc2-48bc-893c-5b2905f71160" message='This flow invokes #[vars.target default ""] to get the country details for  #[ vars.processId  default ""]  #[ vars.loggingDetails]'/>
		<logger level="INFO" doc:name="log-DEBUG" doc:id="619e091c-a09f-4747-8510-5248f66e43e6" message='Before invoking  #[vars.target default ""]   #[ vars.loggingDetails]'/>
		<until-successful maxRetries="${retries.max}" doc:name="Until Successful" doc:id="a7b22a09-daa0-4d94-8316-a795f22baaae" millisBetweenRetries="${retries.millisecondsBetween}">
			<http:request method="${https.requestor.method.get}" doc:name="invokeLookupApi" doc:id="e7bd7cf5-beb4-41a7-b88a-f72e477fcdb1" config-ref="HTTP_Request_configuration" path="#[Mule::p('https.requestor.path.getCountries')]" sendCorrelationId="ALWAYS" correlationId="#[vars.correlationId]">
				<http:headers ><![CDATA[#[%dw 2.0
output application/java
---
{
	client_id: Mule::p('client.id'),
	client_secret: Mule::p('secure::client.secret'),
	channel: Mule::p('application.name'),
	transactionId: vars.transactionId,
	correlationId: vars.correlationId
}]]]></http:headers>
				<http:response-validator >
					<http:failure-status-code-validator values="${retries.failureStatusCode.get}"/>
				</http:response-validator>
			</http:request>
		</until-successful>
		<logger level="DEBUG" doc:name="log-DEBUG" doc:id="d5a1cc5f-82c5-481c-9073-8fedcf167c4d" message='After invoking  #[vars.target default ""] statusCode:  #[attributes.statusCode  default ""]  reasonPharse: #[attributes.reasonPhrase  default ""] age: #[attributes.headers.age] '/>
		<logger level="DEBUG" doc:name="log-DEBUG" doc:id="9ece1c0e-6176-4cdb-b14c-6fba658d3deb" message="#[payload]  #[vars.loggingDetails]" />
		<flow-ref doc:name="check-error-subflow" doc:id="7dd4b777-0c60-4749-9e73-817a54fe62e1" name="check-error-subflow"/>
		<logger level="INFO" doc:name="log-INFO" doc:id="0616843f-91dd-4681-b632-28d5b5740e7d" message='Request processed succesfully by #[vars.target default ""]  #[ vars.loggingDetails]'/>
	</sub-flow>
	<sub-flow name="invoke-accounts-sfdc-api-subflow" doc:id="fbb43370-33b9-4abd-8c63-a8293fb5d691">
	<logger level="INFO" doc:name="log-INFO" doc:id="f4aa3ce6-72b3-4146-b536-67c0e3692252" message='This flow invokes  #[vars.target  default ""] to post the account details for  #[vars.processId default ""] #[ vars.loggingDetails]'/>
		<logger level="INFO" doc:name="log-DEBUG" doc:id="8d1c3c5c-65cc-4b8b-99e8-3b745662b947" message='Before invoking  #[vars.target  default ""]'/>
		<until-successful maxRetries="${retries.max}" doc:name="Until Successful" doc:id="4e214a0a-54bb-4b10-aa6f-d4a746c197d0" millisBetweenRetries="${retries.millisecondsBetween}">
			<http:request method="${https.requestor.method.post}" doc:name="invokeSfdcApi" doc:id="11166251-249b-4355-9033-433952c8012c" config-ref="HTTP_Request_config_accounts-papi" path="#[Mule::p('https.requestor.path.postUser')]" sendCorrelationId="ALWAYS" correlationId="#[vars.correlationId]">
				<http:headers ><![CDATA[#[%dw 2.0
output application/java
---
{
	client_id: Mule::p('client.id'),
	client_secret: Mule::p('secure::client.secret'),
	channel: Mule::p('application.name'),
	transactionId: vars.transactionId,
	correlationId: vars.correlationId
}]]]></http:headers>
				<http:response-validator >
					<http:failure-status-code-validator values="${retries.failureStatusCode.post}"/>
				</http:response-validator>
			</http:request>
		</until-successful>
		<logger level="DEBUG" doc:name="log-DEBUG" doc:id="48f63870-f69e-4057-a4d6-95efb3c649ea" message='After invoking  #[vars.target default ""] statusCode:  #[attributes.statusCode  default ""]  reasonPharse: #[attributes.reasonPhrase  default ""]'/>
		<logger level="DEBUG" doc:name="log-DEBUG" doc:id="88eaefde-b28e-4ae1-a295-2f905d4e2838" message="#[payload]" />
		<flow-ref doc:name="check-error-subflow" doc:id="04d90cb9-1da7-490f-b9e1-6ff41dece940" name="check-error-subflow"/>
		<logger level="INFO" doc:name="log-INFO" doc:id="b2955bf1-7551-42b6-958f-00245a976344" message='Request successfully processed by #[vars.target] for  #[vars.processId] #[ vars.loggingDetails]'/>
	
</sub-flow>
	<sub-flow name="check-error-subflow" doc:id="037147fd-ad0f-49bb-bc24-e879750194c9">
	<ee:transform doc:name="setErrorDescription" doc:id="3d5907ea-ad28-406d-8b6f-3d4b7991a1b1">
					<ee:message />
					<ee:variables>
				<ee:set-variable resource="dwl/set-sys-var-error-description.dwl" variableName="errorDescription" />
					</ee:variables>
				</ee:transform>
	<choice doc:name="checkError" doc:id="a2b8838c-ae6c-46a5-98c3-44f4dea386c8" >
			<when expression="#[(attributes.statusCode == 422) or (attributes.statusCode == 400)]" >
				<raise-error doc:name="SYS:DATA_ERROR" doc:id="beadebb9-2a50-4afa-88a3-bf50c68a4213" type="SYS:DATA_ERROR" description="#['$(vars.errorDescription)']" />
			</when>
			<when expression="#[(attributes.statusCode &gt; 499 and attributes.statusCode &lt; 520) or (attributes.statusCode &gt; 520 and attributes.statusCode &lt; 600)]" >
				<raise-error doc:name="SYS:CONNECTIVITY_ERROR" doc:id="45818752-dac3-4c3a-8336-98f0994f9b21" type="SYS:CONNECTIVITY_ERROR" description="#['$(vars.errorDescription)']" />
			</when>
			<when expression="#[(attributes.statusCode &gt; 400 and attributes.statusCode &lt; 421) or (attributes.statusCode &gt; 422 and attributes.statusCode &lt; 500)]" >
				<raise-error doc:name="SYS:CLIENT_ERROR" doc:id="686edf9f-b5d3-43ff-bb54-7a1faafbe8a5" type="SYS:CLIENT_ERROR" description="#['$(vars.errorDescription)']" />
			</when>
			<when expression="#[attributes.statusCode == 520]" >
				<raise-error doc:name="SYS:UNKNOWN_ERROR" doc:id="be6a1089-e4c8-4b81-8119-7cb4b3fa6527" type="SYS:UNKNOWN_ERROR" description="#['$(vars.errorDescription)']" />
			</when>
			<otherwise >
				<remove-variable doc:name="removeErrorDescription" doc:id="ef5e0341-d63c-4041-853d-fa176757cc37" variableName="errorDescription" />
			</otherwise>
		</choice>
	
	</sub-flow>
</mule>
