<?xml version="1.0" encoding="UTF-8"?>

<mule xmlns:ee="http://www.mulesoft.org/schema/mule/ee/core"
	xmlns="http://www.mulesoft.org/schema/mule/core" xmlns:doc="http://www.mulesoft.org/schema/mule/documentation"
	xmlns:xsi="http://www.w3.org/2001/XMLSchema-instance"
	xsi:schemaLocation="
http://www.mulesoft.org/schema/mule/ee/core http://www.mulesoft.org/schema/mule/ee/core/current/mule-ee.xsd http://www.mulesoft.org/schema/mule/core http://www.mulesoft.org/schema/mule/core/current/mule.xsd">
	<flow name="post:\accounts:application\json:accounts-papi-config">
        <ee:transform doc:name="setProcessId&amp;target" doc:id="a83b8ff4-a4dd-4edc-88f6-fc4d2e27ed90">
			<ee:message>
			</ee:message>
			<ee:variables>
				<ee:set-variable variableName="processId"><![CDATA[%dw 2.0
output application/java
---
"name: " ++ payload.name]]></ee:set-variable>
				<ee:set-variable variableName="target" ><![CDATA[Mule::p('application.target.lookup')]]></ee:set-variable>
			</ee:variables>
		</ee:transform>
		<ee:transform doc:name="setloggingDetails" doc:id="ce38e69b-bb4f-4c0c-b7ff-e6117074dc13">
			<ee:message />
			<ee:variables>
				<ee:set-variable resource="dwl/set-loggingDetails.dwl" variableName="loggingDetails" />
			</ee:variables>
		</ee:transform>
		<logger level="INFO" doc:name="log-START" doc:id="51bae754-9238-4168-8b05-14fdb915727c" message='Request received to post the account details to #[vars.target] for  #[vars.processId] #[ vars.loggingDetails]' />
		<choice doc:name="checkifCountryIsPresent" doc:id="ddb17729-6e4c-4981-8352-684e6ad0d38e" >
			<when expression="#[(!isEmpty(payload.billingAddress.countryIso) or !isEmpty(payload.shippingAddress.countryIso) )]">
				<flow-ref doc:name="invoke-first-country-lookup-api-subflow" doc:id="3048bfcd-53fa-490a-af64-36097cfa115b" name="invoke-first-country-lookup-api-subflow" target="countires" />
			</when>
			<otherwise >
				<logger level="INFO" doc:name="logInprogres" doc:id="cc715cc3-394e-46b8-9394-1a2bcfc9cc24" message="Skipping the call to #[vars.target] as countryIso code is missing in shipping and billing address #[ vars.loggingDetails]"/>
			</otherwise>
		</choice>
		<ee:transform doc:name="setRequestPayload&amp;target" doc:id="5c6579bf-edb4-400f-9791-bde66b69d352" >
			<ee:message >
				<ee:set-payload resource="dwl/set-requestPayload.dwl" />
			</ee:message>
			<ee:variables >
				<ee:set-variable variableName="target" ><![CDATA[Mule::p('application.target.sfdc')]]></ee:set-variable>
			</ee:variables>
		</ee:transform>
		<logger level="DEBUG" doc:name="log-DEBUG" doc:id="81d92fd1-ccf9-43b3-893c-f71c307b8348" message="Payload after transformation #[payload]"/>
		<flow-ref doc:name="invoke-accounts-sfdc-api-subflow" doc:id="c10b938a-2ee9-4a27-a8f7-ec04d973c692" name="invoke-accounts-sfdc-api-subflow"/>
		<ee:transform doc:name="setFinalPaylaod&amp;httpStatus">
            <ee:message>
                <ee:set-payload><![CDATA[%dw 2.0
output application/json
---
payload]]></ee:set-payload>
            </ee:message>
			<ee:variables >
				<ee:set-variable variableName="httpStatus" ><![CDATA[201]]></ee:set-variable>
			</ee:variables>
        
</ee:transform>
		<logger level="INFO" doc:name="log-END" doc:id="5d6a2250-f4d8-4cec-bfe5-250a17d1f08b" message="#[payload]"/>
    
</flow>


</mule>
