<?xml version="1.0" encoding="UTF-8"?>
<mule xmlns="http://www.mulesoft.org/schema/mule/core" xmlns:api-gateway="http://www.mulesoft.org/schema/mule/api-gateway" xmlns:apikit="http://www.mulesoft.org/schema/mule/mule-apikit" xmlns:doc="http://www.mulesoft.org/schema/mule/documentation" xmlns:http="http://www.mulesoft.org/schema/mule/http" xmlns:secure-properties="http://www.mulesoft.org/schema/mule/secure-properties" xmlns:tls="http://www.mulesoft.org/schema/mule/tls" xmlns:xsi="http://www.w3.org/2001/XMLSchema-instance" xsi:schemaLocation=" http://www.mulesoft.org/schema/mule/mule-apikit http://www.mulesoft.org/schema/mule/mule-apikit/current/mule-apikit.xsd  http://www.mulesoft.org/schema/mule/http http://www.mulesoft.org/schema/mule/http/current/mule-http.xsd http://www.mulesoft.org/schema/mule/core http://www.mulesoft.org/schema/mule/core/current/mule.xsd http://www.mulesoft.org/schema/mule/api-gateway http://www.mulesoft.org/schema/mule/api-gateway/current/mule-api-gateway.xsd http://www.mulesoft.org/schema/mule/secure-properties http://www.mulesoft.org/schema/mule/secure-properties/current/mule-secure-properties.xsd http://www.mulesoft.org/schema/mule/tls http://www.mulesoft.org/schema/mule/tls/current/mule-tls.xsd">
    <http:listener-config name="HTTP_Listener_config" doc:name="HTTP Listener config" doc:id="b6eecf0a-2ea1-45a7-bf06-f5719c0d9d2a">
        <http:listener-connection protocol="HTTPS" host="${https.host}" port="${https.port}" tlsContext="TLS_Context" readTimeout="${https.listener.connection.readTimeout}" connectionIdleTimeout="${https.listener.connection.timeout}" />
    </http:listener-config>
    <apikit:config name="accounts-papi-config" api="accounts-papi.raml" outboundHeadersMapName="outboundHeadersMapName" httpStatusVarName="httpStatus" />
    <configuration doc:name="Configuration" doc:id="1bfcbf8d-7c13-4ef1-ae47-294c6d226ac1" defaultErrorHandler-ref="accounts-papi-errorError_Handler" doc:description="Default error handler&#xA;" />
    <configuration-properties doc:name="Configuration properties" doc:id="f85044b7-e6ee-40b1-bac9-63ed4f82921c" file="properties\app_${env}.yaml" doc:description="Deployment specific properties&#xA;" />
    <configuration-properties doc:name="Configuration properties" doc:id="568d6a1d-f7a7-4d28-a243-ad41a77f96da" doc:description="Common properties&#xA;" file="properties\app_common.yaml" />
    <configuration-properties doc:name="Configuration properties" doc:id="32fa3bcc-7875-43d4-ba10-fd060101c30e" file="properties\error.yaml" doc:description="Error Codes" />
    <secure-properties:config name="Secure_Properties_Config" doc:name="Secure Properties Config" doc:id="764f652f-0c2c-4e27-b9e2-61192061b389" file="properties\secure\app_secure_${env}.yaml" key="${secure.key}" doc:description="Secure Property Config" />
    <tls:context name="TLS_Context" doc:name="TLS Context" doc:id="d4db0086-5386-4120-8180-8268ea50347c">
        <tls:key-store type="jks" path="${keystore.path}" alias="${keystore.alias}" keyPassword="${secure::keystore.password}" password="${secure::keystore.password}" />
    </tls:context>
    <http:request-config name="HTTP_Request_configuration" doc:name="HTTP Request configuration" doc:id="06f134d4-a2b9-4236-8f85-eafe4d1bba10" doc:description="Requestor config : county-lookup-api">
        <http:request-connection protocol="HTTPS" host="${https.requestor.lookup.host}" port="${https.requestor.port}">
            <reconnection>
                <reconnect frequency="${reconnection.frequency}" count="${reconnection.time}" />
            </reconnection>
        </http:request-connection>
    </http:request-config>
    <http:request-config name="HTTP_Request_config_accounts-papi" doc:name="HTTP Request configuration" doc:id="5f81c0de-eba4-4826-8bed-c979200871ef" doc:description="Requestor config: sfdc-api">
        <http:request-connection host="${https.requestor.sfdc.host}" port="${https.requestor.port}" protocol="HTTPS">
            <reconnection>
                <reconnect frequency="${reconnection.frequency}" count="${reconnection.time}" />
            </reconnection>
        </http:request-connection>
    </http:request-config>
    <!-- <api-gateway:autodiscovery apiId="${autodiscovery.id}" ignoreBasePath="false" doc:name="API Autodiscovery" doc:id="cd2f78a0-56b3-402d-984a-742d9d1e3dc0" flowRef="accounts-papi-mainFlow" doc:description="Autodiscovery Id config&#xA;" />
 -->
</mule>
